"Check","Expected","Actual","Result"
"Pilot labels exist","4 labels named KRU-LBL-*","4 found: KRU Public; KRU Internal; KRU Confidential; KRU Highly Confidential","PASS"
"AU members all on pilot domain","Only @m365.kingsruleusa.com","7 members; outsiders: none","PASS"
"AU membership rule","Dynamic, UPN matches pilot domain","Dynamic: (user.userPrincipalName -match ""@m365\.kingsruleusa\.com$"")","PASS"
"Label policy scoped to pilot","Admin unit AU-KRU-Pilot (or fallback group)","AdminUnit found in: [PolicyConstraints=ad5ea417-2094-4df2-9dc5-22bbabd70187; PolicyRBACScopes=ad5ea417-2094-4df2-9dc5-22bbabd70187]; Targets=[All] (All = all users inside the AU)","PASS"
"DLP SharePoint scope","Only KRU-Purview-Pilot (1 site)","KRU-Purview-Pilot; https://<dev-tenant>.sharepoint.com/sites/KRU-Purview-Pilot","PASS"
"DLP ExchangeLocation","Empty (off)","(empty)","PASS"
"DLP OneDriveLocation","Empty (off)","(empty)","PASS"
"DLP TeamsLocation","Empty (off)","(empty)","PASS"
"DLP EndpointDlpLocation","Empty (off)","(empty)","PASS"
"DLP mode","TestWithNotifications before CHG-PV-002, Enable after","Enable","INFO"
"Retention SharePoint scope","Only KRU-Purview-Pilot (1 site)","KRU-Purview-Pilot; https://<dev-tenant>.sharepoint.com/sites/KRU-Purview-Pilot","PASS"
"Retention ExchangeLocation","Empty (off)","(empty)","PASS"
"Retention OneDriveLocation","Empty (off)","(empty)","PASS"
"Retention ModernGroupLocation","Empty (off)","(empty)","PASS"
"Retention Preservation Lock","Not locked","RestrictiveRetention = False","PASS"
"Retention distribution","Success","Success","PASS"
"Auto-label policy (optional)","Optional phase","Not created (Phase 7 skipped)","NOT IMPLEMENTED"
